code,annual_dest,annual_origin,average_arr_delay,average_dep_delay,30mins_arr_delay,30mins_dep_delay,carrier_delay,weather_delay,nas_delay,security_delay,late_aircraft_delay,cancellation_rate,name,lat,lon,elevation_ft,iso_region,municipality,icao_code,total_delay,efficiency_score
VEL,205,206,-13.22,-3.63,0.49,1.94,18.59,0.0,81.41,0.0,0.0,2.93,Vernal Regional Airport,40.4408989,-109.5100021,5278.0,US-UT,Vernal,KVEL,2.4299999999999997,100.0
LWS,640,641,-6.63,-3.13,1.72,2.03,41.47,40.53,15.53,0.0,2.47,0.0,Lewiston Nez Perce County Airport,46.37450027,-117.0149994,1442.0,US-ID,Lewiston,KLWS,3.75,99.68
CNY,206,206,-11.52,-6.03,2.43,1.94,23.24,43.73,33.03,0.0,0.0,0.49,Canyonlands Field,38.75500107,-109.7549973,4557.0,US-UT,Moab,KCNY,4.37,99.37
PIH,711,711,-0.79,-1.75,3.52,2.67,42.52,0.0,39.6,0.09,17.79,0.28,Pocatello Regional Airport,42.90980148,-112.5960007,4452.0,US-ID,Pocatello,KPIH,6.1899999999999995,99.05
DLG,77,77,-4.19,0.56,2.6,3.9,45.33,0.0,21.5,0.0,33.18,0.0,Dillingham Airport,59.04470062,-158.50500490000002,81.0,US-AK,Dillingham,PADL,6.5,98.73
ITO,6227,6226,1.1,-0.95,3.39,3.15,43.66,3.09,2.85,0.34,50.05,0.16,Hilo International Airport,19.72139931,-155.04800419999998,38.0,US-HI,Hilo,PHTO,6.54,98.41
WYS,208,208,4.17,1.38,2.88,3.85,52.58,0.0,35.26,6.84,5.32,0.0,Yellowstone Airport,44.68840027,-111.11799620000001,6649.0,US-MT,West Yellowstone,KWYS,6.73,98.1
BTM,730,729,-3.95,0.13,2.6,4.25,21.74,42.29,30.94,0.0,5.04,2.6,Bert Mooney Airport,45.95479965,-112.49700159999998,5550.0,US-MT,Butte,KBTM,6.85,97.78
TWF,902,902,3.23,-0.89,4.43,3.1,41.53,2.15,31.14,0.0,25.17,0.89,Joslin Field Magic Valley Regional Airport,42.48180008,-114.487999,4154.0,US-ID,Twin Falls,KTWF,7.529999999999999,97.46
BRD,643,642,-3.81,0.34,5.13,3.74,53.07,0.0,11.46,0.0,35.47,1.09,Brainerd Lakes Regional Airport,46.39830017,-94.13809967,1232.0,US-MN,Brainerd,KBRD,8.870000000000001,97.14
EKO,584,584,1.26,-3.84,5.48,3.42,49.65,18.85,18.92,0.0,12.57,2.23,Elko Regional Airport,40.82490158,-115.79199979999999,5140.0,US-NV,Elko,KEKO,8.9,96.83
LIH,11427,11426,0.37,0.59,4.72,4.45,46.23,0.91,12.32,0.1,40.44,0.16,Lihue Airport,21.97599983,-159.3390045,153.0,US-HI,Lihue,PHLI,9.17,96.51
AKN,63,63,2.38,2.68,4.76,4.76,41.99,0.0,14.95,0.0,43.06,0.0,King Salmon Airport,58.67679977,-156.6490021,73.0,US-AK,King Salmon,PAKN,9.52,96.19
KOA,12080,12081,0.13,1.34,4.95,4.7,51.43,2.21,14.05,0.01,32.29,0.12,Kona International At Keahole Airport,19.73880005,-156.0460052,47.0,US-HI,Kailua/Kona,PHKO,9.65,95.87
BLI,712,711,-6.72,-0.06,4.92,4.78,27.01,2.72,22.61,0.0,47.65,0.28,Bellingham International Airport,48.792800899999996,-122.538002,170.0,US-WA,Bellingham,KBLI,9.7,95.56
HLN,1575,1576,-1.3,0.83,6.16,4.0,26.39,6.14,18.14,0.0,49.32,0.38,Helena Regional Airport,46.60680008,-111.9830017,3877.0,US-MT,Helena,KHLN,10.16,95.24
ADQ,491,491,-0.56,0.25,4.28,6.11,37.76,9.24,19.92,0.0,33.08,5.3,Kodiak Airport,57.75,-152.4940033,78.0,US-AK,Kodiak,PADQ,10.39,94.92
BJI,729,729,-1.74,4.92,5.62,5.21,63.85,1.61,12.51,0.0,22.03,0.14,Bemidji Regional Airport,47.50939941,-94.93370056,1391.0,US-MN,Bemidji,KBJI,10.83,94.6
HNL,46937,46952,4.57,2.63,7.32,4.43,52.55,2.76,11.19,0.11,33.4,0.38,Daniel K Inouye International Airport,21.32062,-157.924228,13.0,US-HI,Honolulu,PHNL,11.75,94.29
GTF,2156,2156,-0.11,0.74,6.77,5.01,40.68,5.21,15.63,0.0,38.48,0.79,Great Falls International Airport,47.48199844,-111.3710022,3680.0,US-MT,Great Falls,KGTF,11.78,93.97
OGG,22461,22450,2.37,3.46,6.21,5.58,55.47,2.37,12.72,0.13,29.31,0.33,Kahului Airport,20.8986,-156.429993,54.0,US-HI,Kahului,PHOG,11.79,93.65
CDC,626,626,6.94,2.48,5.91,6.07,36.71,9.55,34.41,0.0,19.33,0.16,Cedar City Regional Airport,37.70100021,-113.09899899999999,5622.0,US-UT,Cedar City,KCDC,11.98,93.33
YUM,2055,2054,2.8,1.12,6.57,5.5,39.83,2.44,14.25,0.64,42.84,0.97,Yuma MCAS/Yuma International Airport,32.65660095,-114.6060028,213.0,US-AZ,Yuma,KNYL,12.07,93.02
IMT,678,678,-8.02,2.11,6.19,5.9,23.2,6.4,10.73,0.0,59.67,1.33,Ford Airport,45.81840134,-88.11450195,1182.0,US-MI,Iron Mountain / Kingsford,KIMT,12.09,92.7
SCC,936,936,0.47,-0.08,5.66,6.73,25.3,18.25,10.69,0.0,45.75,0.75,Deadhorse Airport,70.19470215,-148.46499630000002,65.0,US-AK,Deadhorse,PASC,12.39,92.38
HIB,981,982,0.55,2.28,5.71,6.92,50.02,13.21,17.75,0.0,19.02,1.02,Range Regional Airport,47.38660049,-92.83899689,1354.0,US-MN,Hibbing,KHIB,12.629999999999999,92.06
IDA,2448,2448,0.99,0.72,7.31,5.39,39.71,4.17,15.48,0.0,40.63,0.61,Idaho Falls Regional Airport,43.514599,-112.070999,4744.0,US-ID,Idaho Falls,KIDA,12.7,91.75
DIK,998,999,-3.29,1.34,7.62,5.71,32.99,6.26,35.47,0.0,25.28,1.6,Dickinson Theodore Roosevelt Regional Airport,46.79740143,-102.802002,2592.0,US-ND,Dickinson,KDIK,13.33,91.43
YAK,724,724,0.3,-6.03,7.73,6.08,9.26,2.03,13.01,5.2,70.5,1.38,Yakutat Airport,59.50329971,-139.66000369999998,33.0,US-AK,Yakutat,PAYA,13.81,91.11
MSO,2247,2248,-0.97,1.55,7.79,6.14,46.15,7.33,10.43,0.0,36.1,0.67,Missoula International Airport,46.91630173,-114.0910034,3206.0,US-MT,Missoula,KMSO,13.93,90.79
GCC,1083,1085,-3.04,1.8,8.03,6.08,35.18,6.71,15.99,0.0,42.12,0.83,Gillette Campbell County Airport,44.34889984,-105.53900149999998,4365.0,US-WY,Gillette,KGCC,14.11,90.48
SGU,1981,1980,5.12,3.42,7.87,6.26,28.33,1.82,25.15,0.0,44.7,0.15,St George Municipal Airport,37.036389,-113.510306,2941.0,US-UT,St George,KSGU,14.129999999999999,90.16
CDV,724,724,1.01,-3.41,7.6,6.77,24.77,3.72,10.4,0.0,61.11,0.41,Merle K (Mudhole) Smith Airport,60.49179839999999,-145.4779968,54.0,US-AK,Cordova,PACV,14.37,89.84
FCA,2147,2148,0.88,1.37,8.1,6.38,45.83,2.0,15.88,0.2,36.09,0.79,Glacier Park International Airport,48.3105011,-114.2559967,2977.0,US-MT,Kalispell,KGPI,14.48,89.52
SLC,105957,105973,0.04,4.46,7.18,7.34,39.22,5.11,13.31,0.1,42.26,0.5,Salt Lake City International Airport,40.78839874,-111.97799679999999,4227.0,US-UT,Salt Lake City,KSLC,14.52,89.21
ABR,742,742,-3.18,9.17,6.87,7.68,39.36,10.56,15.04,0.0,35.04,1.21,Aberdeen Regional Airport,45.44910049,-98.42179871,1302.0,US-SD,Aberdeen,KABR,14.55,88.89
RKS,747,747,-3.73,4.03,8.17,6.43,33.93,5.83,12.01,0.0,48.23,2.14,Rock Springs Sweetwater County Airport,41.59420013,-109.0650024,6764.0,US-WY,Rock Springs,KRKS,14.6,88.57
GJT,3450,3450,1.79,2.83,8.09,6.52,34.83,9.94,19.12,0.12,36.0,0.84,Grand Junction Regional Airport,39.12239838,-108.52700039999999,4858.0,US-CO,Grand Junction,KGJT,14.61,88.25
CPR,1911,1912,-1.26,0.74,7.9,6.8,30.67,6.07,18.14,0.0,45.12,1.15,Casper-Natrona County International Airport,42.90800095,-106.4639969,5350.0,US-WY,Casper,KCPR,14.7,87.94
BIL,3133,3130,1.19,1.13,9.26,5.59,44.42,5.66,13.88,0.01,36.04,0.19,Billings Logan International Airport,45.80770111,-108.5429993,3652.0,US-MT,Billings,KBIL,14.85,87.62
ESC,626,626,0.39,7.21,8.15,6.71,38.3,0.76,11.24,0.0,49.7,2.72,Delta County Airport,45.72269821,-87.09369659,609.0,US-MI,Escanaba,KESC,14.86,87.3
CLL,2531,2534,1.23,2.46,8.34,6.55,36.19,13.7,16.41,0.79,32.91,4.39,Easterwood Field,30.58860016,-96.36380005,320.0,US-TX,College Station,KCLL,14.89,86.98
RHI,1042,1042,-1.97,2.1,7.2,7.87,34.95,22.9,15.52,0.0,26.63,1.15,Rhinelander Oneida County Airport,45.63119888,-89.46749878,1624.0,US-WI,Rhinelander,KRHI,15.07,86.67
BRW,936,936,3.43,1.48,7.48,7.69,13.84,10.93,14.36,0.7,60.18,1.18,Wiley Post Will Rogers Memorial Airport,71.285402,-156.766008,44.0,US-AK,UtqiaÁvik,PABR,15.170000000000002,86.35
DAB,1613,1613,1.42,4.83,8.18,7.13,45.12,10.85,10.98,0.0,33.05,0.25,Daytona Beach International Airport,29.179899,-81.058098,34.0,US-FL,Daytona Beach,KDAB,15.309999999999999,86.03
ANC,17233,17239,1.61,3.23,8.54,6.85,38.89,3.51,18.28,1.55,37.77,0.94,Ted Stevens Anchorage International Airport,61.17440033,-149.9960022,152.0,US-AK,Anchorage,PANC,15.389999999999999,85.71
BGR,394,393,2.59,6.82,9.39,6.36,51.0,0.0,10.69,0.0,38.32,1.27,Bangor International Airport,44.80739975,-68.82810211,192.0,US-ME,Bangor,KBGR,15.75,85.4
SIT,1435,1435,2.16,1.29,8.78,6.97,26.71,0.7,14.07,0.73,57.78,1.05,Sitka Rocky Gutierrez Airport,57.04710007,-135.36199950000002,21.0,US-AK,Sitka,PASI,15.75,85.08
LAR,635,634,-2.22,2.74,9.29,6.47,41.74,4.55,18.1,0.0,35.61,4.25,Laramie Regional Airport,41.31209946,-105.6750031,7284.0,US-WY,Laramie,KLAR,15.759999999999998,84.76
GFK,807,807,2.26,2.63,8.3,7.56,51.78,5.61,16.23,0.0,26.38,0.37,Grand Forks International Airport,47.949298999999996,-97.176102,845.0,US-ND,Grand Forks,KGFK,15.86,84.44
LCH,2057,2058,2.03,2.29,9.19,6.8,32.89,15.89,20.92,0.29,30.01,2.82,Lake Charles Regional Airport,30.12610054,-93.22329712,15.0,US-LA,Lake Charles,KLCH,15.989999999999998,84.13
INL,627,627,-4.54,5.15,8.61,7.5,19.23,9.06,6.74,0.0,64.96,1.12,Falls International Airport,48.56620026,-93.40309906,1185.0,US-MN,International Falls,KINL,16.11,83.81
HOB,624,624,2.46,4.67,9.13,7.05,40.82,0.99,31.93,0.0,26.25,4.65,Lea County Regional Airport,32.6875,-103.21700290000001,3661.0,US-NM,Hobbs,KHOB,16.18,83.49
DVL,574,574,-1.35,4.87,9.23,6.97,47.85,0.0,11.1,0.0,41.04,7.14,Devils Lake Regional Airport,48.11420059,-98.90879822,1456.0,US-ND,Devils Lake,KDVL,16.2,83.17
BET,980,980,2.42,1.66,7.86,8.37,43.04,12.76,12.5,0.0,31.7,1.53,Bethel Airport,60.77980042,-161.8379974,126.0,US-AK,Bethel,PABE,16.23,82.86
SUN,1021,1018,2.48,3.65,8.23,8.06,54.73,1.86,16.63,0.0,26.78,0.98,Friedman Memorial Airport,43.50439835,-114.2959976,5318.0,US-ID,Hailey,KSUN,16.29,82.54
SNA,40733,40729,1.12,6.25,7.72,8.73,35.56,3.31,12.71,0.06,48.36,0.9,John Wayne Airport-Orange County Airport,33.67570114,-117.86799620000001,56.0,US-CA,Santa Ana,KSNA,16.45,82.22
OTZ,725,725,2.58,5.05,6.62,9.93,38.83,13.12,19.4,0.69,27.96,1.79,Ralph Wien Memorial Airport,66.88469696,-162.598999,14.0,US-AK,Kotzebue,PAOT,16.55,81.9
FAI,2360,2360,1.99,2.93,9.11,7.46,39.84,3.31,20.32,0.13,36.4,0.68,Fairbanks International Airport,64.81510162,-147.85600280000003,439.0,US-AK,Fairbanks,PAFA,16.57,81.59
GRI,691,691,0.46,4.05,9.41,7.24,28.66,20.45,10.69,0.0,40.2,3.18,Central Nebraska Regional Airport,40.96749878,-98.30960083,1847.0,US-NE,Grand Island,KGRI,16.65,81.27
CLD,640,641,4.3,5.24,8.12,8.58,31.44,4.9,13.35,0.0,50.31,2.03,Mc Clellan-Palomar Airport,33.12829971,-117.27999879999999,331.0,US-CA,Carlsbad,KCRQ,16.7,80.95
ISN,2762,2763,0.6,3.91,8.87,7.89,38.55,5.2,21.91,0.0,34.34,0.94,Sloulin Field International Airport,48.17789841,-103.6419983,1982.0,US-ND,Williston,KISN,16.759999999999998,80.63
HYS,626,626,-3.46,1.96,8.15,8.63,45.44,5.62,17.07,0.57,31.3,1.6,Hays Regional Airport,38.84220123,-99.27320099,1999.0,US-KS,Hays,KHYS,16.78,80.32
MLB,1448,1448,2.18,8.43,8.29,8.49,38.33,10.15,14.88,0.0,36.63,0.28,Melbourne International Airport,28.10280037,-80.64530182,33.0,US-FL,Melbourne,KMLB,16.78,80.0
FLG,1818,1818,5.22,4.54,9.3,7.65,34.37,8.71,13.62,1.0,42.3,2.7,Flagstaff Pulliam Airport,35.13850021,-111.6709976,7014.0,US-AZ,Flagstaff,KFLG,16.950000000000003,79.68
PDX,51634,51635,1.28,5.03,9.11,7.86,35.16,3.4,12.91,0.21,48.32,0.4,Portland International Airport,45.58869934,-122.59799960000001,31.0,US-OR,Portland,KPDX,16.97,79.37
GEG,10333,10333,3.12,4.88,9.5,7.51,46.62,2.73,9.93,0.08,40.64,0.38,Spokane International Airport,47.61989975,-117.5339966,2376.0,US-WA,Spokane,KGEG,17.009999999999998,79.05
PSC,2645,2643,3.66,2.7,10.28,6.77,39.0,2.1,15.17,0.11,43.62,1.1,Tri Cities Airport,46.26470184,-119.1190033,410.0,US-WA,Pasco,KPSC,17.049999999999997,78.73
ECP,4548,4545,2.58,5.49,9.1,7.99,37.38,11.32,13.69,0.08,37.54,0.4,Northwest Florida Beaches International Airport,30.357105999999998,-85.79541400000001,69.0,US-FL,Panama City Beach,KECP,17.09,78.41
BZN,3940,3939,2.0,5.16,9.24,7.9,40.93,6.15,16.29,0.0,36.63,0.66,Gallatin Field,45.77750015,-111.15299990000001,4473.0,US-MT,Bozeman,KBZN,17.14,78.1
ORH,730,725,0.44,5.24,7.12,10.07,51.66,1.62,11.61,0.0,35.1,3.29,Worcester Regional Airport,42.26729965,-71.87570190000001,1009.0,US-MA,Worcester,KORH,17.19,77.78
JNU,4432,4430,2.33,4.34,8.42,8.92,32.57,10.39,15.76,1.14,40.14,0.74,Juneau International Airport,58.35499954,-134.576004,21.0,US-AK,Juneau,PAJN,17.34,77.46
MOT,2068,2068,3.61,4.11,9.38,8.03,34.13,5.1,20.63,0.0,40.14,1.4,Minot International Airport,48.25939941,-101.2799988,1716.0,US-ND,Minot,KMOT,17.41,77.14
EYW,2124,2124,4.7,5.97,9.09,8.38,47.36,19.9,9.06,0.0,23.68,0.94,Key West International Airport,24.55610085,-81.75959778,3.0,US-FL,Key West,KEYW,17.47,76.83
HRL,3370,3366,4.38,3.69,10.03,7.49,35.03,5.9,13.19,0.0,45.88,1.42,Valley International Airport,26.22850037,-97.65440369,36.0,US-TX,Harlingen,KHRL,17.52,76.51
SEA,121292,121287,1.75,6.51,8.94,8.59,33.06,4.45,21.29,0.19,41.0,0.47,Seattle Tacoma International Airport,47.44900131,-122.3089981,433.0,US-WA,Seattle,KSEA,17.53,76.19
TOL,1049,1050,-1.18,3.13,9.63,7.9,19.83,20.57,22.78,0.0,36.81,5.72,Toledo Express Airport,41.58679962,-83.80780029,683.0,US-OH,Toledo,KTOL,17.53,75.87
FNT,5158,5159,3.69,3.93,10.55,7.13,36.52,9.79,13.47,0.04,40.18,2.29,Bishop International Airport,42.965400700000004,-83.74359894,782.0,US-MI,Flint,KFNT,17.68,75.56
BUR,20657,20657,4.06,5.64,9.03,8.66,36.21,1.44,6.93,0.07,55.35,1.5,Bob Hope Airport,34.20069885,-118.35900120000001,778.0,US-CA,Burbank,KBUR,17.689999999999998,75.24
GPT,3907,3909,4.36,4.49,9.85,7.88,37.47,6.03,18.72,0.13,37.65,1.79,Gulfport Biloxi International Airport,30.40730095,-89.07009888,28.0,US-MS,Gulfport,KGPT,17.73,74.92
LRD,2405,2405,3.0,3.82,9.98,7.9,34.4,9.27,23.01,0.52,32.79,2.87,Laredo International Airport,27.54380035,-99.46160126,508.0,US-TX,Laredo,KLRD,17.880000000000003,74.6
JMS,889,887,2.57,2.7,8.55,9.36,38.48,2.9,17.67,0.0,40.95,3.94,Jamestown Regional Airport,46.92969894,-98.67819977,1500.0,US-ND,Jamestown,KJMS,17.91,74.29
BRO,2567,2566,3.91,4.64,10.09,7.95,37.81,3.15,20.02,0.0,39.03,3.58,Brownsville South Padre Island International Airport,25.90679932,-97.42590332,22.0,US-TX,Brownsville,KBRO,18.04,73.97
MSP,122751,122701,2.91,6.87,9.31,8.75,37.36,5.13,20.95,0.16,36.4,0.71,Minneapolis-St Paul International/Wold-Chamberlain Airport,44.88199997,-93.22180176,841.0,US-MN,Minneapolis,KMSP,18.060000000000002,73.65
KTN,2506,2505,4.42,2.58,8.94,9.14,40.8,5.02,17.29,0.19,36.69,0.52,Ketchikan International Airport,55.35559845,-131.7140045,89.0,US-AK,Ketchikan,PAKT,18.08,73.33
CLT,109895,109896,1.7,8.03,8.12,10.08,33.68,5.02,26.31,0.16,34.82,1.25,Charlotte Douglas International Airport,35.21400070000001,-80.94309998,748.0,US-NC,Charlotte,KCLT,18.2,73.02
ATW,3109,3108,3.19,5.32,9.62,8.78,37.39,8.59,20.16,0.0,33.87,2.57,Appleton International Airport,44.258098600000004,-88.51909637,918.0,US-WI,Appleton,KATW,18.4,72.7
TVC,2966,2964,2.2,4.91,10.38,8.06,36.61,9.27,18.56,0.0,35.56,2.97,Cherry Capital Airport,44.74140167,-85.5821991,624.0,US-MI,Traverse City,KTVC,18.44,72.38
ILM,2076,2075,4.26,5.4,10.02,8.48,46.62,3.62,14.01,0.0,35.76,1.3,Wilmington International Airport,34.27059937,-77.90260315,32.0,US-NC,Wilmington,KILM,18.5,72.06
RDM,2353,2352,2.16,3.41,10.03,8.5,29.99,2.14,12.24,0.13,55.49,1.44,Roberts Field,44.254100799999996,-121.15000149999999,3080.0,US-OR,Redmond,KRDM,18.53,71.75
PUB,264,264,-0.91,1.81,8.71,9.85,18.17,12.74,28.97,1.07,39.05,3.41,Pueblo Memorial Airport,38.28910065,-104.49700159999999,4726.0,US-CO,Pueblo,KPUB,18.560000000000002,71.43
GCK,724,725,4.27,5.18,10.5,8.14,40.06,17.89,12.67,0.44,28.95,3.45,Garden City Regional Airport,37.92750168,-100.72399899999999,2891.0,US-KS,Garden City,KGCK,18.64,71.11
DRO,2246,2246,1.12,6.71,8.86,9.8,36.29,13.69,13.94,0.58,35.49,1.78,Durango La Plata County Airport,37.15150070000001,-107.7539978,6685.0,US-CO,Durango,KDRO,18.66,70.79
TRI,2088,2087,1.62,5.8,9.29,9.39,51.89,2.71,9.34,0.0,36.06,0.81,Tri-Cities Regional TN/VA Airport,36.475201,-82.40740100000001,1519.0,US-TN,Bristol/Johnson/Kingsport,KTRI,18.68,70.48
MHK,1785,1785,3.77,3.39,10.87,7.9,27.91,21.06,17.31,0.08,33.64,3.53,Manhattan Regional Airport,39.14099884,-96.67079926,1057.0,US-KS,Manhattan,KMHK,18.77,70.16
LSE,1812,1811,1.32,5.16,10.49,8.28,24.6,15.72,20.78,0.0,38.9,3.26,La Crosse Municipal Airport,43.879002,-91.256699,655.0,US-WI,La Crosse,KLSE,18.77,69.84
GGG,703,702,3.49,7.75,9.39,9.4,49.32,4.85,15.69,1.3,28.85,3.84,East Texas Regional Airport,32.38399887,-94.71150208,365.0,US-TX,Longview,KGGG,18.79,69.52
LEX,6568,6566,3.42,6.28,9.68,9.11,43.67,9.07,16.38,0.09,30.79,2.5,Blue Grass Airport,38.03649902,-84.60590363,979.0,US-KY,Lexington,KLEX,18.79,69.21
BGM,325,324,3.17,9.33,8.92,9.88,33.51,0.0,9.34,0.0,57.15,1.54,Greater Binghamton/Edwin A Link field,42.20869827,-75.97979736,1636.0,US-NY,Binghamton,KBGM,18.8,68.89
ATL,379498,379424,1.82,8.84,8.82,10.09,37.01,4.76,21.51,0.08,36.63,0.73,Hartsfield Jackson Atlanta International Airport,33.63669968,-84.42810059,1026.0,US-GA,Atlanta,KATL,18.91,68.57
RAP,3505,3501,3.93,5.5,10.04,8.94,32.22,9.11,19.91,0.0,38.76,1.26,Rapid City Regional Airport,44.04529953,-103.0569992,3204.0,US-SD,Rapid City,KRAP,18.979999999999997,68.25
MSN,9966,9973,3.43,5.07,10.4,8.61,39.21,7.85,18.01,0.01,34.92,2.55,Dane County Regional Truax Field,43.13990021,-89.33750153,887.0,US-WI,Madison,KMSN,19.009999999999998,67.94
OME,725,725,5.68,5.6,9.1,9.93,31.4,7.22,15.02,1.33,45.02,3.31,Nome Airport,64.5121994,-165.44500730000001,37.0,US-AK,Nome,PAOM,19.03,67.62
AZO,1967,1966,0.5,3.08,10.37,8.7,34.7,14.33,15.74,0.0,35.23,5.08,Kalamazoo Battle Creek International Airport,42.23490143,-85.55210114,874.0,US-MI,Kalamazoo,KAZO,19.07,67.3
CMX,729,730,3.22,5.36,11.11,8.08,33.32,7.65,13.22,0.0,45.82,6.58,Houghton County Memorial Airport,47.16839981,-88.4890976,1095.0,US-MI,Hancock,KCMX,19.189999999999998,66.98
PIT,26251,26249,4.22,6.22,10.97,8.27,38.73,5.01,12.36,0.12,43.78,1.27,Pittsburgh International Airport,40.49150085,-80.23290253,1203.0,US-PA,Pittsburgh,KPIT,19.240000000000002,66.67
CAK,6588,6591,4.71,5.85,11.25,8.03,28.05,6.07,10.81,0.09,54.98,1.55,Akron Canton Regional Airport,40.91609955,-81.44219971,1228.0,US-OH,Akron,KCAK,19.28,66.35
HSV,4912,4909,3.76,7.07,10.48,8.8,37.03,9.23,18.75,0.0,34.99,1.47,Huntsville International Carl T Jones Field,34.6371994,-86.77510071,629.0,US-AL,Huntsville,KHSV,19.28,66.03
APN,626,626,0.89,4.22,9.9,9.42,37.39,11.99,10.81,0.0,39.82,3.67,Alpena County Regional Airport,45.07809829999999,-83.56030273,690.0,US-MI,Alpena,KAPN,19.32,65.71
TLH,3472,3473,4.56,6.69,10.69,8.64,48.06,7.43,11.22,0.24,33.06,1.07,Tallahassee Regional Airport,30.39649963,-84.35030365,81.0,US-FL,Tallahassee,KTLH,19.33,65.4
GRB,5371,5370,3.67,4.14,11.1,8.27,39.11,8.0,17.69,0.08,35.12,2.76,Austin Straubel International Airport,44.48509979,-88.12960052,695.0,US-WI,Green Bay,KGRB,19.369999999999997,65.08
SJC,41686,41681,3.67,7.0,9.86,9.58,32.9,2.53,9.6,0.07,54.9,1.01,Norman Y. Mineta San Jose International Airport,37.362598,-121.929001,62.0,US-CA,San Jose,KSJC,19.439999999999998,64.76
COD,696,696,3.79,6.91,9.05,10.49,27.4,5.8,17.37,0.0,49.43,1.87,Yellowstone Regional Airport,44.52019882,-109.02400209999999,5102.0,US-WY,Cody,KCOD,19.54,64.44
PHX,159744,159736,2.59,8.3,9.18,10.41,34.72,4.29,18.39,0.19,42.42,0.78,Phoenix Sky Harbor International Airport,33.43429947,-112.012001,1135.0,US-AZ,Phoenix,KPHX,19.59,64.13
JAN,7752,7751,5.07,6.32,10.53,9.07,40.09,7.58,18.62,0.11,33.61,2.18,Jackson-Medgar Wiley Evers International Airport,32.31119919,-90.07589722,346.0,US-MS,Jackson,KJAN,19.6,63.81
TXK,1064,1066,4.56,5.08,10.71,8.91,42.79,10.14,15.28,0.26,31.53,5.92,Texarkana Regional Webb Field,33.45370102,-93.99099731,390.0,US-AR,Texarkana,KTXK,19.62,63.49
BIS,3795,3792,3.98,6.46,10.99,8.65,32.48,6.97,19.94,0.01,40.61,1.29,Bismarck Municipal Airport,46.77270126,-100.7460022,1661.0,US-ND,Bismarck,KBIS,19.64,63.17
LAN,2072,2071,4.34,6.02,10.81,8.88,32.83,6.97,21.14,0.0,39.06,2.8,Capital City Airport,42.77870178,-84.58740234,861.0,US-MI,Lansing,KLAN,19.69,62.86
ALB,8193,8193,5.76,6.25,11.62,8.1,38.2,5.41,12.54,0.14,43.71,1.35,Albany International Airport,42.74829865,-73.80169678,285.0,US-NY,Albany,KALB,19.72,62.54
PNS,7012,7012,4.94,7.1,10.45,9.33,35.68,9.28,18.91,0.03,36.1,1.43,Pensacola Regional Airport,30.47340012,-87.18659973,121.0,US-FL,Pensacola,KPNS,19.78,62.22
GSP,7172,7173,4.66,6.61,10.76,9.06,40.17,6.63,19.17,0.07,33.97,1.85,Greenville Spartanburg International Airport,34.89569855,-82.21890259,964.0,US-SC,Greenville,KGSP,19.82,61.9
GTR,1015,1015,3.62,6.71,10.74,9.16,47.28,0.0,12.21,0.0,40.51,1.28,Golden Triangle Regional Airport,33.45029831,-88.59140015,264.0,US-MS,Columbus/W Point/Starkville,KGTR,19.9,61.59
CHS,13026,13024,3.7,8.19,10.17,9.81,37.07,6.48,19.25,0.32,36.88,1.57,Charleston Air Force Base-International Airport,32.89860153,-80.04049683,46.0,US-SC,Charleston,KCHS,19.98,61.27
ABE,2514,2513,5.23,8.76,10.9,9.11,46.24,6.36,16.48,0.0,30.92,1.95,Lehigh Valley International Airport,40.65209961,-75.44080353,393.0,US-PA,Allentown,KABE,20.009999999999998,60.95
ERI,803,803,5.18,6.66,11.33,8.72,28.08,5.78,24.27,0.0,41.87,3.99,Erie International Tom Ridge Field,42.08312701,-80.17386675,732.0,US-PA,Erie,KERI,20.05,60.63
DTW,118311,118425,3.32,8.71,9.76,10.34,35.04,4.59,19.98,0.08,40.3,1.14,Detroit Metropolitan Wayne County Airport,42.21239853,-83.35340118,645.0,US-MI,Detroit,KDTW,20.1,60.32
PVD,12157,12156,5.76,7.09,11.55,8.57,41.38,5.48,14.28,0.14,38.72,1.98,Theodore Francis Green State Airport,41.73260117,-71.42040253,55.0,US-RI,Providence,KPVD,20.12,60.0
PLN,814,815,6.2,9.72,10.93,9.2,32.12,0.57,9.31,0.0,58.0,2.33,Pellston Regional Airport of Emmet County Airport,45.57089996,-84.79669952,721.0,US-MI,Pellston,KPLN,20.13,59.68
SRQ,3676,3675,1.8,9.63,9.55,10.59,37.17,8.9,19.09,0.25,34.59,0.84,Sarasota Bradenton International Airport,27.39539909,-82.55439758,30.0,US-FL,Sarasota/Bradenton,KSRQ,20.14,59.37
LFT,5579,5580,5.28,7.45,10.49,9.71,39.88,5.54,21.11,0.17,33.3,2.19,Lafayette Regional Airport,30.20529938,-91.98760223,42.0,US-LA,Lafayette,KLFT,20.200000000000003,59.05
FAY,1784,1783,4.71,9.0,10.48,9.76,55.26,2.11,11.56,0.0,31.07,0.78,Fayetteville Regional Grannis Field,34.99119949,-78.88030243,189.0,US-NC,Fayetteville,KFAY,20.240000000000002,58.73
CIU,671,670,4.61,9.84,10.73,9.55,28.11,6.61,13.69,0.0,51.6,2.24,Chippewa County International Airport,46.25080109,-84.47239685,800.0,US-MI,Sault Ste Marie,KCIU,20.28,58.41
AGS,2585,2584,5.79,7.76,10.44,9.98,48.04,4.85,11.63,0.0,35.49,0.54,Augusta Regional At Bush Field,33.36989975,-81.96450043,144.0,US-GA,Augusta,KAGS,20.42,58.1
PAH,728,728,5.06,6.48,12.36,8.1,32.42,6.3,13.99,0.0,47.29,5.77,Barkley Regional Airport,37.06079865,-88.77380371,410.0,US-KY,Paducah,KPAH,20.46,57.78
SMF,40830,40830,4.96,7.66,10.86,9.62,33.07,3.19,8.72,0.21,54.82,0.8,Sacramento International Airport,38.69540024,-121.5910034,27.0,US-CA,Sacramento,KSMF,20.479999999999997,57.46
LNK,2925,2924,6.88,5.03,12.65,7.9,33.16,3.66,23.2,0.3,39.69,2.05,Lincoln Airport,40.85100174,-96.75920105,1219.0,US-NE,Lincoln,KLNK,20.55,57.14
AMA,4522,4521,6.11,6.76,11.39,9.2,37.7,6.62,18.32,0.18,37.18,2.94,Rick Husband Amarillo International Airport,35.219398,-101.706001,3607.0,US-TX,Amarillo,KAMA,20.59,56.83
ABI,2528,2530,3.68,5.42,11.31,9.29,27.34,24.13,13.61,0.57,34.36,4.23,Abilene Regional Airport,32.41130066,-99.68190002,1791.0,US-TX,Abilene,KABI,20.6,56.51
SAN,76414,76416,3.12,7.9,10.33,10.28,34.86,4.49,14.51,0.12,46.03,0.91,San Diego International Airport,32.73360062,-117.1900024,17.0,US-CA,San Diego,KSAN,20.61,56.19
VLD,1023,1023,6.6,7.24,11.83,8.8,48.55,0.0,13.47,0.0,37.98,0.88,Valdosta Regional Airport,30.78249931,-83.27670288,203.0,US-GA,Valdosta,KVLD,20.630000000000003,55.87
BHM,13660,13660,5.17,8.73,10.88,9.76,37.13,6.19,15.06,0.02,41.59,1.31,Birmingham-Shuttlesworth International Airport,33.56290054,-86.75350189,650.0,US-AL,Birmingham,KBHM,20.64,55.56
SDF,11043,11047,4.8,8.23,10.91,9.73,37.11,6.13,17.38,0.12,39.27,2.03,Louisville International Standiford Field,38.1744,-85.736,501.0,US-KY,Louisville,KSDF,20.64,55.24
SPS,1355,1356,4.04,7.09,10.7,9.96,39.76,12.91,10.45,0.76,36.11,4.58,Sheppard Air Force Base-Wichita Falls Municipal Airport,33.9888,-98.49189799999999,1019.0,US-TX,Wichita Falls,KSPS,20.66,54.92
MKE,32477,32467,3.19,7.19,10.92,9.74,34.86,5.29,14.36,0.04,45.44,1.68,General Mitchell International Airport,42.94720078,-87.89659882,723.0,US-WI,Milwaukee,KMKE,20.66,54.6
OMA,18253,18254,4.61,7.28,11.4,9.33,38.15,5.42,14.89,0.18,41.36,1.29,Eppley Airfield,41.30319977,-95.89409637,984.0,US-NE,Omaha,KOMA,20.73,54.29
LGB,9553,9551,3.16,6.92,9.46,11.29,33.48,1.53,10.9,0.15,53.94,0.64,Long Beach /Daugherty Field/ Airport,33.81769943,-118.15200039999999,60.0,US-CA,Long Beach,KLGB,20.75,53.97
MDT,3571,3570,3.95,7.94,11.73,9.05,34.79,11.81,18.62,0.06,34.72,1.43,Harrisburg International Airport,40.19350052,-76.76339722,310.0,US-PA,Harrisburg,KMDT,20.78,53.65
DBQ,1015,1015,2.39,4.01,12.02,8.77,24.23,20.57,23.49,0.0,31.71,5.62,Dubuque Regional Airport,42.40200043,-90.70950317,1077.0,US-IA,Dubuque,KDBQ,20.79,53.33
MCI,42212,42220,4.66,7.92,11.18,9.61,34.8,4.33,14.08,0.2,46.59,1.08,Kansas City International Airport,39.2976,-94.713898,1026.0,US-MO,Kansas City,KMCI,20.79,53.02
MHT,6871,6869,6.34,7.03,12.21,8.59,38.23,5.67,13.21,0.05,42.84,2.26,Manchester Airport,42.93259811,-71.43569946,266.0,US-NH,Manchester,KMHT,20.8,52.7
IND,27935,27931,4.24,7.71,11.15,9.65,39.34,4.95,13.98,0.03,41.69,1.45,Indianapolis International Airport,39.7173,-86.294403,797.0,US-IN,Indianapolis,KIND,20.8,52.38
SJT,1776,1777,2.98,6.92,10.14,10.75,32.03,15.72,16.32,0.5,35.43,4.22,San Angelo Regional Mathis Field,31.35770035,-100.4960022,1919.0,US-TX,San Angelo,KSJT,20.89,52.06
PIA,5142,5140,2.89,7.11,10.85,10.08,35.17,7.31,19.88,0.05,37.59,2.92,General Wayne A. Downing Peoria International Airport,40.66419983,-89.69329834,660.0,US-IL,Peoria,KPIA,20.93,51.75
DCA,80617,80613,3.52,7.56,11.16,9.79,30.45,6.29,27.43,0.15,35.69,2.48,Ronald Reagan Washington National Airport,38.8521,-77.037697,15.0,US-DC,Washington,KDCA,20.95,51.43
MSY,42472,42467,3.53,8.31,10.68,10.31,35.09,5.93,16.34,0.25,42.39,0.87,Louis Armstrong New Orleans International Airport,29.99340057,-90.25800323,4.0,US-LA,New Orleans,KMSY,20.990000000000002,51.11
EVV,4232,4233,1.88,7.38,10.75,10.25,39.63,6.55,14.94,0.0,38.88,2.6,Evansville Regional Airport,38.03699875,-87.53240204,418.0,US-IN,Evansville,KEVV,21.0,50.79
MEM,16287,16290,4.58,8.2,10.92,10.12,36.17,8.8,19.25,0.13,35.66,1.76,Memphis International Airport,35.04240036,-89.97669983,341.0,US-TN,Memphis,KMEM,21.04,50.48
CWA,1564,1565,6.89,4.75,12.72,8.37,29.72,13.47,21.1,0.0,35.71,3.58,Central Wisconsin Airport,44.77759933,-89.66680145,1277.0,US-WI,Mosinee,KCWA,21.09,50.16
VPS,5284,5283,5.61,9.02,10.92,10.2,44.32,9.49,14.95,0.03,31.21,2.01,Destin-Ft Walton Beach Airport,30.4832,-86.525398,87.0,US-FL,Valparaiso,KVPS,21.119999999999997,49.84
FAR,6219,6220,5.16,6.64,11.64,9.5,31.22,9.54,18.23,0.02,41.0,1.56,Hector International Airport,46.92070007,-96.81580353,902.0,US-ND,Fargo,KFAR,21.14,49.52
DLH,1944,1942,3.78,7.56,10.7,10.45,38.45,7.74,15.08,0.0,38.74,2.93,Duluth International Airport,46.84209824,-92.19360352,1428.0,US-MN,Duluth,KDLH,21.15,49.21
BNA,52047,52057,3.79,9.26,10.46,10.71,32.83,5.28,13.71,0.09,48.1,1.93,Nashville International Airport,36.12450027,-86.67819977,599.0,US-TN,Nashville,KBNA,21.17,48.89
BDL,20512,20513,5.86,7.02,12.35,8.85,39.71,5.15,13.44,0.13,41.57,1.76,Bradley International Airport,41.93889999,-72.68319702,173.0,US-CT,Hartford,KBDL,21.2,48.57
TUS,16429,16428,5.57,5.58,12.05,9.15,34.47,4.1,11.8,0.37,49.27,0.86,Tucson International Airport,32.11610031,-110.9410019,2643.0,US-AZ,Tucson,KTUS,21.200000000000003,48.25
DAY,9425,9429,4.8,6.94,11.54,9.69,30.45,10.44,17.52,0.06,41.53,2.95,James M Cox Dayton International Airport,39.90240097,-84.2193985,1009.0,US-OH,Dayton,KDAY,21.229999999999997,47.94
GRK,4403,4404,4.87,5.57,11.92,9.31,43.26,4.87,15.71,0.28,35.87,3.57,Robert Gray  Army Air Field Airport,31.06719971,-97.8289032,1015.0,US-TX,Fort Hood/Killeen,KGRK,21.23,47.62
OAK,46325,46332,4.14,9.02,10.33,10.97,30.12,1.16,9.42,0.07,59.22,1.36,Metropolitan Oakland International Airport,37.721298,-122.221001,9.0,US-CA,Oakland,KOAK,21.3,47.3
JAX,19750,19750,5.19,7.98,11.33,9.99,38.95,6.06,15.91,0.22,38.85,1.09,Jacksonville International Airport,30.49410057,-81.68789673,30.0,US-FL,Jacksonville,KJAX,21.32,46.98
BUF,18416,18417,4.8,6.76,12.02,9.32,38.6,5.39,11.88,0.18,43.95,1.65,Buffalo Niagara International Airport,42.94049835,-78.73220062,728.0,US-NY,Buffalo,KBUF,21.34,46.67
MOB,5455,5455,6.79,6.76,11.84,9.53,38.62,6.21,21.01,0.1,34.06,1.72,Mobile Regional Airport,30.69120026,-88.24279785,219.0,US-AL,Mobile,KMOB,21.369999999999997,46.35
SAT,32410,32412,5.39,7.32,12.07,9.3,37.14,5.62,13.04,0.16,44.04,0.96,San Antonio International Airport,29.53370094,-98.46980286,809.0,US-TX,San Antonio,KSAT,21.37,46.03
ELM,2247,2246,6.96,5.74,12.33,9.08,49.0,2.56,18.38,0.0,30.06,1.87,Elmira Corning Regional Airport,42.15990067,-76.89160156,954.0,US-NY,Elmira/Corning,KELM,21.41,45.71
LBB,5071,5073,7.87,7.6,12.13,9.44,37.04,5.41,16.91,0.13,40.51,3.21,Lubbock Preston Smith International Airport,33.663601,-101.822998,3282.0,US-TX,Lubbock,KLBB,21.57,45.4
MFE,3646,3649,6.25,6.41,12.34,9.24,36.74,7.56,14.55,0.37,40.78,2.99,Mc Allen Miller International Airport,26.17580032,-98.23860168,107.0,US-TX,Mc Allen,KMFE,21.58,45.08
ROW,1065,1066,4.04,7.2,11.36,10.23,34.68,17.48,14.09,1.01,32.73,4.98,Roswell International Air Center Airport,33.30160141,-104.53099820000001,3671.0,US-NM,Roswell,KROW,21.59,44.76
PSP,9661,9660,4.03,7.76,10.48,11.14,34.26,2.98,14.52,0.13,48.1,0.75,Palm Springs International Airport,33.82970047,-116.50700379999999,477.0,US-CA,Palm Springs,KPSP,21.62,44.44
STL,51272,51277,3.61,8.98,10.43,11.23,33.72,4.4,13.46,0.12,48.3,1.18,St Louis Lambert International Airport,38.748697,-90.370003,618.0,US-MO,St Louis,KSTL,21.66,44.13
ROA,2506,2505,5.7,8.75,10.81,10.86,43.9,5.5,19.22,0.0,31.37,2.15,RoanokeÛÒBlacksburg Regional Airport,37.3255,-79.975403,1175.0,US-VA,Roanoke,KROA,21.67,43.81
CHA,4620,4619,5.57,7.66,11.67,10.05,43.27,4.81,15.01,0.0,36.91,1.36,Lovell Field,35.03530121,-85.20379639,683.0,US-TN,Chattanooga,KCHA,21.72,43.49
ROC,8184,8185,4.33,7.37,11.88,9.86,40.06,6.51,12.64,0.17,40.62,2.05,Greater Rochester International Airport,43.1189003,-77.67240143,559.0,US-NY,Rochester,KROC,21.740000000000002,43.17
GRR,11767,11773,5.27,6.98,12.25,9.5,36.41,7.71,16.12,0.2,39.56,2.2,Gerald R. Ford International Airport,42.88079834,-85.52279663,794.0,US-MI,Grand Rapids,KGRR,21.75,42.86
ORF,10286,10288,5.43,8.99,11.71,10.05,39.47,7.0,15.4,0.1,38.04,2.27,Norfolk International Airport,36.89459991,-76.20120239,26.0,US-VA,Norfolk,KORF,21.76,42.54
WRG,726,726,5.41,3.48,11.71,10.06,19.48,7.34,9.87,0.72,62.59,0.96,Wrangell Airport,56.48429871,-132.36999509999998,49.0,US-AK,Wrangell,PAWG,21.770000000000003,42.22
RST,2239,2239,2.77,6.86,11.48,10.32,34.43,12.03,14.92,0.0,38.62,3.26,Rochester International Airport,43.90829849,-92.5,1317.0,US-MN,Rochester,KRST,21.8,41.9
AVL,3030,3029,6.43,8.99,11.65,10.17,43.65,12.44,10.82,0.0,33.09,1.65,Asheville Regional Airport,35.43619919,-82.54180145,2165.0,US-NC,Asheville,KAVL,21.82,41.59
BFL,2819,2820,4.91,5.35,11.39,10.46,32.95,5.32,13.14,0.0,48.59,1.31,Meadows Field,35.43360138,-119.0569992,510.0,US-CA,Bakersfield,KBFL,21.85,41.27
BOI,12819,12815,5.43,8.36,12.0,9.85,38.68,2.14,9.69,0.19,49.3,0.72,Boise Air Terminal/Gowen field,43.56439972,-116.22299960000001,2871.0,US-ID,Boise,KBOI,21.85,40.95
TYR,2526,2527,6.43,6.19,12.03,9.85,38.47,8.8,17.03,0.39,35.31,3.96,Tyler Pounds Regional Airport,32.35409927,-95.40239716,544.0,US-TX,Tyler,KTYR,21.88,40.63
FWA,5773,5772,4.56,8.48,11.45,10.5,35.3,9.02,15.19,0.17,40.32,2.67,Fort Wayne International Airport,40.97850037,-85.19509888,814.0,US-IN,Fort Wayne,KFWA,21.95,40.32
RNO,14154,14155,4.78,7.61,11.34,10.61,36.33,2.05,8.71,0.16,52.74,0.75,Reno Tahoe International Airport,39.49909973,-119.7679977,4415.0,US-NV,Reno,KRNO,21.95,40.0
ELP,13021,13018,6.78,7.72,12.33,9.63,33.66,4.82,13.77,0.04,47.72,0.87,El Paso International Airport,31.80719948,-106.37799840000002,3959.0,US-TX,El Paso,KELP,21.96,39.68
ALO,674,674,4.51,4.33,12.91,9.05,25.83,14.27,19.13,0.0,40.77,4.75,Waterloo Regional Airport,42.55709839,-92.40029907,873.0,US-IA,Waterloo,KALO,21.96,39.37
SYR,6249,6248,5.23,5.83,12.58,9.46,36.48,7.33,17.49,0.04,38.66,2.14,Syracuse Hancock International Airport,43.11119843,-76.10630035,421.0,US-NY,Syracuse,KSYR,22.04,39.05
TUL,15288,15289,6.01,7.14,12.22,9.85,34.96,6.75,15.41,0.12,42.76,1.32,Tulsa International Airport,36.19839859,-95.88809967,677.0,US-OK,Tulsa,KTUL,22.07,38.73
ABQ,21003,21008,5.21,8.54,11.53,10.55,37.48,4.45,11.88,0.11,46.09,0.98,Albuquerque International Sunport Airport,35.040199,-106.609001,5355.0,US-NM,Albuquerque,KABQ,22.08,38.41
CLE,37801,37813,3.94,7.94,11.83,10.27,31.02,4.54,17.15,0.05,47.25,1.87,Cleveland Hopkins International Airport,41.4117012,-81.84980011,791.0,US-OH,Cleveland,KCLE,22.1,38.1
MLU,3240,3240,6.07,7.32,12.04,10.09,40.71,1.85,14.42,0.03,42.99,2.35,Monroe Regional Airport,32.51089859,-92.03769684,79.0,US-LA,Monroe,KMLU,22.13,37.78
MRY,3215,3215,5.02,6.83,11.91,10.23,27.34,3.17,12.96,0.43,56.1,4.17,Monterey Peninsula Airport,36.587001799999996,-121.84300230000001,257.0,US-CA,Monterey,KMRY,22.14,37.46
DHN,1378,1378,4.98,7.43,12.12,10.09,50.24,0.0,13.8,0.0,35.96,1.16,Dothan Regional Airport,31.32130051,-85.44960022,401.0,US-AL,Dothan,KDHN,22.21,37.14
JAC,3667,3669,6.76,7.56,12.22,10.0,43.44,10.98,9.36,0.19,36.03,1.2,Jackson Hole Airport,43.6072998,-110.737999,6451.0,US-WY,Jackson,KJAC,22.22,36.83
SAV,8200,8203,4.62,10.29,10.77,11.51,35.02,9.15,21.49,0.1,34.23,1.72,Savannah Hilton Head International Airport,32.12760162,-81.20210266,50.0,US-GA,Savannah,KSAV,22.28,36.51
RDU,34896,34898,5.22,9.07,11.83,10.52,36.33,5.01,14.72,0.09,43.84,1.93,Raleigh Durham International Airport,35.87760162,-78.78749847,435.0,US-NC,Raleigh/Durham,KRDU,22.35,36.19
SBA,6581,6582,3.57,6.3,10.61,11.74,34.75,0.94,9.93,0.39,53.99,1.6,Santa Barbara Municipal Airport,34.42620087,-119.8399963,13.0,US-CA,Santa Barbara,KSBA,22.35,35.87
PIB,626,626,4.0,7.08,13.42,8.95,12.67,0.0,5.23,0.0,82.1,1.6,Hattiesburg Laurel Regional Airport,31.46710014,-89.33709717,298.0,US-MS,Hattiesburg/Laurel,KPIB,22.369999999999997,35.56
RSW,29127,29116,3.11,8.29,11.24,11.17,37.95,5.1,23.12,0.1,33.73,1.06,Southwest Florida International Airport,26.53619957,-81.75520325,30.0,US-FL,Fort Myers,KRSW,22.41,35.24
AVP,1472,1472,8.76,8.67,13.59,8.83,45.91,2.08,21.51,0.0,30.49,1.9,Wilkes Barre Scranton International Airport,41.33850098,-75.7233963,962.0,US-PA,Wilkes-Barre/Scranton,KAVP,22.42,34.92
CMI,2321,2322,1.72,6.51,12.58,9.86,25.4,19.3,20.88,0.0,34.41,4.74,University of Illinois Willard Airport,40.03919983,-88.27809906,755.0,US-IL,Champaign/Urbana,KCMI,22.439999999999998,34.6
MFR,2714,2719,4.61,6.86,11.57,10.89,31.87,6.74,12.95,0.0,48.44,1.33,Rogue Valley International Medford Airport,42.37419891,-122.8730011,1335.0,US-OR,Medford,KMFR,22.46,34.29
CSG,1179,1180,8.06,5.56,13.49,8.98,46.95,0.0,12.88,0.0,40.16,0.34,Columbus Metropolitan Airport,32.516300199999996,-84.93890381,397.0,US-GA,Columbus,KCSG,22.47,33.97
EUG,3959,3960,4.4,6.81,11.32,11.16,36.47,3.66,9.66,0.0,50.21,1.52,Mahlon Sweet Field,44.12459946,-123.211998,374.0,US-OR,Eugene,KEUG,22.48,33.65
SAF,1595,1597,3.79,9.31,11.16,11.33,30.38,13.81,23.07,0.63,32.12,3.2,Santa Fe Municipal Airport,35.61709976,-106.0889969,6348.0,US-NM,Santa Fe,KSAF,22.490000000000002,33.33
BMI,2969,2968,5.94,5.83,13.17,9.33,43.53,9.62,13.78,0.06,33.01,3.17,Central Illinois Regional Airport at Bloomington-Normal,40.47710037,-88.91590118,871.0,US-IL,Bloomington/Normal,KBMI,22.5,33.02
SBP,3381,3383,3.64,6.74,10.68,11.88,33.69,4.44,11.37,0.18,50.33,1.83,San Luis County Regional Airport,35.23680115,-120.6419983,212.0,US-CA,San Luis Obispo,KSBP,22.560000000000002,32.7
CVG,21944,21950,5.4,8.63,11.66,10.91,32.14,7.14,23.51,0.14,37.07,2.0,Cincinnati Northern Kentucky International Airport,39.04880142,-84.6678009,896.0,US-KY,Cincinnati,KCVG,22.57,32.38
ICT,8795,8794,5.86,9.02,11.86,10.72,33.23,6.41,19.1,0.04,41.22,1.97,Wichita Mid Continent Airport,37.64989853,-97.43309784,1333.0,US-KS,Wichita,KICT,22.58,32.06
PSG,726,726,7.33,4.62,10.88,11.71,17.95,8.06,12.38,0.19,61.43,1.1,Petersburg James A Johnson Airport,56.80170059,-132.9450073,111.0,US-AK,Petersburg,PAPG,22.590000000000003,31.75
CMH,26371,26375,4.47,9.01,11.94,10.73,33.67,6.17,15.63,0.17,44.35,1.86,Port Columbus International Airport,39.9980011,-82.89189911,815.0,US-OH,Columbus,KCMH,22.67,31.43
LAW,1454,1455,5.75,6.53,12.86,9.83,41.33,9.75,10.54,0.03,38.34,6.4,Lawton Fort Sill Regional Airport,34.56769943,-98.41660309,1110.0,US-OK,Lawton,KLAW,22.689999999999998,31.11
LIT,11467,11470,6.05,8.84,12.4,10.3,34.37,8.86,17.68,0.16,38.91,2.03,Bill & Hillary Clinton National Airport/Adams Field,34.72940063,-92.22429657,262.0,US-AR,Little Rock,KLIT,22.700000000000003,30.79
EWN,630,630,7.62,5.19,13.81,8.89,48.28,0.0,13.61,0.0,38.11,0.95,Coastal Carolina Regional Airport,35.07300186,-77.04290009,18.0,US-NC,New Bern,KEWN,22.700000000000003,30.48
MAF,8123,8127,7.12,6.81,12.63,10.26,34.45,5.51,18.07,0.06,41.9,2.82,Midland International Airport,31.94249916,-102.2020035,2871.0,US-TX,Midland,KMAF,22.89,30.16
TPA,69062,69049,4.26,9.65,11.52,11.43,34.82,4.89,18.76,0.14,41.39,0.86,Tampa International Airport,27.97550011,-82.53320313,26.0,US-FL,Tampa,KTPA,22.95,29.84
ONT,19721,19720,5.97,8.03,11.99,10.96,35.92,2.07,8.36,0.17,53.47,0.84,Ontario International Airport,34.05599976,-117.60099790000001,944.0,US-CA,Ontario,KONT,22.950000000000003,29.52
DAL,65633,65629,3.78,11.72,10.22,12.73,28.66,5.6,14.58,0.15,51.01,1.44,Dallas Love Field,32.847099,-96.851799,487.0,US-TX,Dallas,KDAL,22.950000000000003,29.21
AEX,3428,3428,6.05,8.43,12.69,10.3,39.61,7.29,15.55,0.56,36.98,2.54,Alexandria International Airport,31.32740021,-92.54979706,89.0,US-LA,Alexandria,KAEX,22.990000000000002,28.89
OKC,17786,17785,6.39,8.09,12.9,10.11,36.53,6.38,13.77,0.06,43.26,1.59,Will Rogers World Airport,35.39310074,-97.60070038,1295.0,US-OK,Oklahoma City,KOKC,23.009999999999998,28.57
MDW,88497,88503,2.29,11.9,9.8,13.24,27.64,9.7,18.48,0.09,44.1,2.1,Chicago Midway International Airport,41.78599929999999,-87.75240326,620.0,US-IL,Chicago,KMDW,23.04,28.25
SMX,725,726,0.43,8.4,11.17,11.98,29.2,3.8,3.95,2.83,60.23,1.38,Santa Maria Pub/Capt G Allan Hancock Field,34.89889908,-120.4570007,261.0,US-CA,Santa Maria,KSMX,23.15,27.94
AUS,46092,46088,6.24,9.86,12.64,10.59,33.45,5.76,20.74,0.16,39.89,1.38,Austin Bergstrom International Airport,30.19449997,-97.66989899,542.0,US-TX,Austin,KAUS,23.23,27.62
BQK,964,963,5.97,8.26,12.86,10.38,46.4,0.0,10.72,0.0,42.88,0.62,Brunswick Golden Isles Airport,31.25880051,-81.46649933,26.0,US-GA,Brunswick,KBQK,23.240000000000002,27.3
LAS,145900,145869,3.17,10.5,10.82,12.59,28.86,4.31,21.29,0.17,45.37,0.61,McCarran International Airport,36.08010101,-115.15200039999999,2181.0,US-NV,Las Vegas,KLAS,23.41,26.98
GNV,2916,2917,7.75,8.4,12.48,11.11,54.06,1.82,11.33,0.04,32.75,1.1,Gainesville Regional Airport,29.69009972,-82.27179718,152.0,US-FL,Gainesville,KGNV,23.59,26.67
ACT,1759,1760,9.16,6.34,14.04,9.6,46.73,3.73,10.85,0.24,38.46,4.32,Waco Regional Airport,31.61129951,-97.23049927,516.0,US-TX,Waco,KACT,23.64,26.35
SBN,4868,4869,7.96,10.65,12.98,10.7,38.35,3.06,13.78,0.0,44.81,2.14,South Bend Regional Airport,41.70869827,-86.31729889,799.0,US-IN,South Bend,KSBN,23.68,26.03
RIC,16998,17002,6.38,9.49,12.8,10.95,35.1,4.75,16.53,0.1,43.51,2.47,Richmond International Airport,37.50519943,-77.31970215,167.0,US-VA,Richmond,KRIC,23.75,25.71
HOU,56758,56760,3.7,11.67,10.6,13.15,29.86,6.19,14.86,0.13,48.96,1.4,William P Hobby Airport,29.64539909,-95.27890015,46.0,US-TX,Houston,KHOU,23.75,25.4
IAD,37282,37301,3.32,12.06,11.37,12.4,32.11,5.16,18.89,0.07,43.77,1.43,Washington Dulles International Airport,38.94449997,-77.45580292,312.0,US-DC,Washington,KIAD,23.77,25.08
ISP,4758,4758,8.55,9.79,13.32,10.45,34.97,3.36,7.73,0.09,53.85,2.56,Long Island Mac Arthur Airport,40.79520035,-73.10019684,99.0,US-NY,Islip,KISP,23.77,24.76
CAE,5582,5585,8.61,9.94,12.63,11.15,40.78,3.5,17.56,0.0,38.16,1.95,Columbia Metropolitan Airport,33.93880081,-81.11949921,236.0,US-SC,Columbia,KCAE,23.78,24.44
PHF,1378,1377,6.78,10.51,12.41,11.4,57.95,0.37,5.97,0.0,35.72,1.23,Newport News Williamsburg International Airport,37.13190079,-76.49299622,42.0,US-VA,Newport News,KPHF,23.810000000000002,24.13
EAU,730,730,6.3,9.05,12.74,11.1,37.33,3.95,15.69,0.0,43.03,4.11,Chippewa Valley Regional Airport,44.86579895,-91.48429871,913.0,US-WI,Eau Claire,KEAU,23.84,23.81
GSO,7329,7335,6.14,9.14,12.48,11.42,39.98,5.92,16.1,0.02,37.97,3.45,Piedmont Triad International Airport,36.09780121,-79.93730164,925.0,US-NC,Greensboro,KGSO,23.9,23.49
FSM,2150,2151,9.29,6.09,13.63,10.27,47.5,2.41,10.66,0.0,39.43,2.84,Fort Smith Regional Airport,35.33660126,-94.36740112,469.0,US-AR,Fort Smith,KFSM,23.9,23.17
FAT,7674,7674,6.86,9.46,12.2,11.75,37.44,2.96,9.99,0.5,49.11,0.87,Fresno Yosemite International Airport,36.77619934,-119.71800230000001,336.0,US-CA,Fresno,KFAT,23.95,22.86
BWI,94105,94101,3.08,12.69,10.19,13.76,29.03,5.91,18.84,0.14,46.07,1.6,Baltimore/Washington International Thurgood Marshall Airport,39.17539978,-76.66829681,146.0,US-MD,Baltimore,KBWI,23.95,22.54
PWM,5159,5158,6.28,8.8,13.06,11.13,42.09,3.63,15.42,0.22,38.65,2.21,Portland International Jetport Airport,43.64619827,-70.30930328,76.0,US-ME,Portland,KPWM,24.19,22.22
MLI,4085,4085,5.91,7.9,13.17,11.04,37.39,5.57,18.67,0.32,38.05,3.55,Quad City International Airport,41.44850159,-90.50749969,590.0,US-IL,Moline,KMLI,24.21,21.9
MGM,3480,3480,7.56,7.86,13.3,10.95,45.65,3.73,13.68,0.3,36.64,1.44,Montgomery Regional (Dannelly Field) Airport,32.30059814,-86.39399719,221.0,US-AL,Montgomery,KMGM,24.25,21.59
PHL,72106,72115,4.55,9.93,12.43,11.83,28.14,4.83,35.09,0.14,31.79,1.65,Philadelphia International Airport,39.87189865,-75.2410965,36.0,US-PA,Philadelphia,KPHL,24.259999999999998,21.27
SCE,977,973,9.71,7.63,14.64,9.66,29.48,3.91,27.69,0.0,38.93,2.66,University Park Airport,40.84930038,-77.84870148,1239.0,US-PA,State College,KUNV,24.3,20.95
CRP,5247,5254,8.5,7.84,13.13,11.23,34.54,5.02,19.02,0.04,41.39,2.9,Corpus Christi International Airport,27.77039909,-97.50119781,44.0,US-TX,Corpus Christi,KCRP,24.36,20.63
BOS,118012,118011,5.59,9.01,13.28,11.1,28.45,4.32,25.38,0.09,41.75,2.3,General Edward Lawrence Logan International Airport,42.36429977,-71.00520325,20.0,US-MA,Boston,KBOS,24.38,20.32
IAH,159910,159833,5.12,11.1,11.47,12.91,28.26,4.79,28.09,0.06,38.8,1.58,George Bush Intercontinental Houston Airport,29.984399800000002,-95.34140015,97.0,US-TX,Houston,KIAH,24.380000000000003,20.0
CRW,2610,2609,7.15,10.66,11.92,12.5,43.45,8.68,17.23,0.0,30.63,2.03,Yeager Airport,38.37310028,-81.59320068,981.0,US-WV,Charleston,KCRW,24.42,19.68
IAG,344,344,9.11,5.08,12.21,12.21,34.53,0.0,27.06,0.0,38.41,2.62,Niagara Falls International Airport,43.1072998,-78.94619751,589.0,US-NY,Niagara Falls,KIAG,24.42,19.37
DFW,260615,260595,5.18,10.89,11.33,13.27,33.91,5.98,19.89,0.12,40.09,2.75,Dallas Fort Worth International Airport,32.89680099,-97.03800201,607.0,US-TX,Dallas-Fort Worth,KDFW,24.6,19.05
MBS,1862,1863,5.81,7.29,12.94,11.76,41.63,3.1,13.6,0.0,41.67,2.85,MBS International Airport,43.53290176,-84.07959747,668.0,US-MI,Saginaw,KMBS,24.7,18.73
JLN,724,724,8.48,8.37,14.23,10.5,41.31,10.43,9.26,0.24,38.77,3.87,Joplin Regional Airport,37.15179825,-94.49829865,981.0,US-MO,Joplin,KJLN,24.73,18.41
DSM,9098,9095,6.45,9.72,13.43,11.38,34.29,8.3,17.71,0.06,39.64,2.71,Des Moines International Airport,41.5340004,-93.6631012,958.0,US-IA,Des Moines,KDSM,24.810000000000002,18.1
LAX,212435,212401,5.36,10.11,12.64,12.2,30.25,4.06,26.73,0.15,38.82,1.1,Los Angeles International Airport,33.94250107,-118.40799709999999,125.0,US-CA,Los Angeles,KLAX,24.84,17.78
DEN,214135,214191,4.51,11.22,11.58,13.28,29.52,4.64,22.91,0.06,42.87,1.1,Denver International Airport,39.86169815,-104.6729965,5431.0,US-CO,Denver,KDEN,24.86,17.46
SGF,6766,6767,7.65,9.7,13.17,11.7,33.93,13.3,17.61,0.17,34.98,2.42,Springfield Branson National Airport,37.24570084,-93.38860321,1268.0,US-MO,Springfield,KSGF,24.869999999999997,17.14
SHV,6655,6655,7.14,9.52,12.97,11.99,43.26,2.06,13.37,0.02,41.3,2.36,Shreveport Regional Airport,32.44660187,-93.82559967,258.0,US-LA,Shreveport,KSHV,24.96,16.83
MEI,992,991,9.34,7.82,12.9,12.11,53.53,0.0,11.78,0.0,34.69,1.21,Key Field,32.33259964,-88.75189972,297.0,US-MS,Meridian,KMEI,25.009999999999998,16.51
SPI,1736,1737,7.84,8.68,14.69,10.36,37.56,7.83,12.06,0.21,42.34,3.8,Abraham Lincoln Capital Airport,39.84410095,-89.67790222,598.0,US-IL,Springfield,KSPI,25.049999999999997,16.19
MCO,120028,120029,4.88,11.4,12.08,12.99,34.62,4.42,20.53,0.2,40.23,0.92,Orlando International Airport,28.42939949,-81.30899811,96.0,US-FL,Orlando,KMCO,25.07,15.87
FSD,5773,5776,8.13,8.89,14.08,11.01,34.83,5.63,20.42,0.05,39.07,2.29,Joe Foss Field Airport,43.58200073,-96.74189758,1429.0,US-SD,Sioux Falls,KFSD,25.09,15.56
SUX,677,677,3.12,8.08,14.18,10.93,21.41,16.03,18.58,0.0,43.98,3.99,Sioux Gateway Col. Bud Day Field,42.40259933,-96.38439941,1098.0,US-IA,Sioux City,KSUX,25.11,15.24
RDD,789,789,7.31,6.84,14.07,11.15,28.08,0.6,8.45,0.0,62.87,2.53,Redding Municipal Airport,40.50899887,-122.2929993,505.0,US-CA,Redding,KRDD,25.22,14.92
CID,7366,7364,6.56,9.0,13.6,11.62,35.37,9.45,15.76,0.08,39.34,2.77,The Eastern Iowa Airport,41.88470078,-91.71080017,869.0,US-IA,Cedar Rapids,KCID,25.22,14.6
FLL,79419,79436,5.17,10.36,12.79,12.48,32.34,4.12,24.34,0.31,38.89,1.11,Fort Lauderdale Hollywood International Airport,26.07259941,-80.15270233,9.0,US-FL,Fort Lauderdale,KFLL,25.27,14.29
ABY,963,963,8.43,8.78,14.12,11.32,50.0,0.0,11.89,0.0,38.11,0.73,Southwest Georgia Regional Airport,31.53549957,-84.19450378,197.0,US-GA,Albany,KABY,25.439999999999998,13.97
COS,7489,7491,9.46,8.85,15.09,10.44,34.01,7.48,16.76,0.17,41.57,1.51,City of Colorado Springs Municipal Airport,38.80580139,-104.70099640000001,6187.0,US-CO,Colorado Springs,KCOS,25.53,13.65
OAJ,1248,1248,9.62,10.07,14.26,11.38,63.57,0.0,10.06,0.0,26.37,0.96,Albert J Ellis Airport,34.82920074,-77.61209869,94.0,US-NC,Jacksonville,KOAJ,25.64,13.33
BTR,7827,7825,8.43,10.51,13.35,12.33,45.38,2.56,16.14,0.03,35.89,2.06,"Baton Rouge Metropolitan, Ryan Field",30.53319931,-91.14959717,70.0,US-LA,Baton Rouge,KBTR,25.68,13.02
ACK,520,520,4.97,16.55,10.0,15.77,38.24,18.12,18.01,0.06,25.56,0.77,Nantucket Memorial Airport,41.25310135,-70.06020355,47.0,US-MA,Nantucket,KACK,25.77,12.7
MKG,729,729,5.93,7.29,12.35,13.44,40.4,3.41,14.23,0.0,41.97,6.58,Muskegon County Airport,43.16949844,-86.23819733,629.0,US-MI,Muskegon,KMKG,25.79,12.38
TYS,7593,7592,9.49,9.92,14.17,11.67,35.12,4.62,20.19,0.0,40.07,2.61,McGhee Tyson Airport,35.81100082,-83.99400329999999,981.0,US-TN,Knoxville,KTYS,25.84,12.06
MIA,75280,75299,5.27,11.85,11.68,14.3,36.72,5.08,22.0,0.2,36.01,1.05,Miami International Airport,25.79319954,-80.29060364,8.0,US-FL,Miami,KMIA,25.98,11.75
MYR,5337,5338,7.03,9.01,12.54,13.56,34.57,3.9,34.28,0.25,27.0,1.87,Myrtle Beach International Airport,33.67969894,-78.92829895,25.0,US-SC,Myrtle Beach,KMYR,26.1,11.43
SWF,752,757,7.38,9.51,13.43,13.08,55.46,2.73,10.43,0.0,31.38,1.33,Stewart International Airport,41.504100799999996,-74.10479736,491.0,US-NY,Newburgh,KSWF,26.509999999999998,11.11
MTJ,1006,1007,8.42,5.07,15.61,10.92,45.04,8.26,14.0,0.33,32.38,1.79,Montrose Regional Airport,38.50979996,-107.8939972,5759.0,US-CO,Montrose,KMTJ,26.53,10.79
XNA,10224,10224,7.84,10.87,14.0,12.68,34.63,9.62,17.94,0.25,37.57,2.66,Northwest Arkansas Regional Airport,36.281898,-94.30680100000001,1287.0,US-AR,Fayetteville/Springdale,KXNA,26.68,10.48
BTV,3325,3326,8.2,9.03,14.92,12.15,38.89,3.93,16.85,0.03,40.3,2.02,Burlington International Airport,44.47190094,-73.15329742,335.0,US-VT,Burlington,KBTV,27.07,10.16
CHO,2441,2441,9.52,11.55,15.16,11.92,38.45,7.27,14.39,0.03,39.87,3.56,Charlottesville Albemarle Airport,38.138599400000004,-78.45290375,639.0,US-VA,Charlottesville,KCHO,27.08,9.84
JFK,102094,102114,6.27,11.54,14.28,13.06,23.18,3.11,40.88,0.17,32.67,1.97,John F Kennedy International Airport,40.63980103,-73.77890015,13.0,US-NY,New York,KJFK,27.34,9.52
SFO,162136,162178,5.88,10.62,14.63,12.95,23.97,3.47,36.74,0.08,35.74,1.47,San Francisco International Airport,37.61899948,-122.375,13.0,US-CA,San Francisco,KSFO,27.58,9.21
ADK,105,105,-4.06,10.54,5.71,21.9,0.0,0.0,39.7,0.0,60.3,6.67,Adak Airport,51.87799835,-176.6459961,18.0,US-AK,Adak Island,PADK,27.61,8.89
PBI,24320,24315,6.21,11.62,13.97,13.7,34.05,5.71,22.57,0.24,37.42,1.37,Palm Beach International Airport,26.68320084,-80.09559631,19.0,US-FL,West Palm Beach,KPBI,27.67,8.57
ORD,313514,313536,6.24,12.96,12.89,14.94,23.57,4.58,34.62,0.07,37.17,2.98,Chicago O'Hare International Airport,41.97859955,-87.90480042,672.0,US-IL,Chicago,KORD,27.83,8.25
HPN,8179,8164,8.12,11.38,15.25,13.11,43.84,5.08,15.48,0.33,35.27,3.13,Westchester County Airport,41.06700134,-73.70760345,439.0,US-NY,White Plains,KHPN,28.36,7.94
ACY,3819,3820,11.16,9.19,15.97,12.54,24.27,1.11,38.73,0.14,35.75,1.0,Atlantic City International Airport,39.45759964,-74.57720184,75.0,US-NJ,Atlantic City,KACY,28.509999999999998,7.62
EWR,111486,111394,6.76,12.81,14.39,14.56,22.64,3.92,39.75,0.04,33.65,3.09,Newark Liberty International Airport,40.69250107,-74.16870117,18.0,US-NJ,Newark,KEWR,28.950000000000003,7.3
ITH,35,34,3.74,12.91,14.29,14.71,9.09,0.0,14.55,0.0,76.36,11.43,Ithaca Tompkins Regional Airport,42.49100113,-76.45839691,1099.0,US-NY,Ithaca,KITH,29.0,6.98
HDN,723,723,5.5,10.65,14.66,14.38,47.26,5.42,13.87,0.0,33.45,1.52,Yampa Valley Airport,40.48120117,-107.21800230000001,6606.0,US-CO,Hayden,KHDN,29.04,6.67
GUC,495,497,10.06,9.78,16.57,12.68,45.02,10.61,21.95,0.0,22.42,4.24,Gunnison Crested Butte Regional Airport,38.53390121,-106.9329987,7680.0,US-CO,Gunnison,KGUC,29.25,6.35
COU,1431,1431,8.99,13.37,17.26,12.3,37.3,16.23,13.77,0.11,32.6,3.56,Columbia Regional Airport,38.81809998,-92.21959686,889.0,US-MO,Columbia,KCOU,29.560000000000002,6.03
BPT,1060,1060,12.98,14.72,15.85,13.96,43.16,7.12,19.66,0.94,29.11,4.91,Southeast Texas Regional Airport,29.95079994,-94.02069855,15.0,US-TX,Beaumont/Port Arthur,KBPT,29.810000000000002,5.71
HYA,83,83,3.47,22.9,12.05,18.07,30.87,0.0,21.61,0.0,47.52,1.2,Barnstable Municipal Boardman Polando Field,41.66930008,-70.28040314,54.0,US-MA,Hyannis,KHYA,30.12,5.4
LGA,108151,108195,9.21,12.23,16.33,14.36,23.54,4.81,44.78,0.1,26.78,4.19,La Guardia Airport,40.77719879,-73.87259674,21.0,US-NY,New York,KLGA,30.689999999999998,5.08
EGE,1246,1245,9.75,15.21,15.49,15.34,45.06,17.44,13.05,0.0,24.46,2.49,Eagle County Regional Airport,39.64260101,-106.9179993,6548.0,US-CO,Eagle,KEGE,30.83,4.76
MQT,331,330,14.14,8.41,20.24,10.61,23.26,24.45,14.09,0.0,38.19,2.11,Sawyer International Airport,46.35359955,-87.395401,1221.0,US-MI,Marquette,KSAW,30.849999999999998,4.44
LBE,1397,1398,10.1,9.31,16.96,14.95,18.72,1.93,30.6,0.16,48.59,2.29,Arnold Palmer Regional Airport,40.27590179,-79.40480042,1199.0,US-PA,Latrobe,KLBE,31.91,4.13
ACV,1441,1442,9.28,11.59,15.61,16.85,26.86,4.74,9.8,0.0,58.6,3.47,Arcata Airport,40.97809982,-124.10900120000001,221.0,US-CA,Arcata/Eureka,KACV,32.46,3.81
TTN,3113,3107,15.76,13.26,18.12,14.55,17.18,2.1,28.07,0.0,52.66,2.12,Trenton Mercer Airport,40.27669907,-74.81349945,213.0,US-NJ,Trenton,KTTN,32.67,3.49
UST,169,169,0.8,14.02,14.79,18.34,15.15,3.47,37.15,0.0,44.23,4.14,Northeast Florida Regional Airport,29.9592,-81.339798,10.0,US-FL,St Augustine,KSGJ,33.129999999999995,3.17
CEC,190,190,3.94,15.95,14.74,18.95,42.69,0.04,4.51,0.0,52.76,5.26,Jack Mc Namara Field Airport,41.78020096,-124.23699950000001,61.0,US-CA,Crescent City,KCEC,33.69,2.86
MVY,216,216,1.54,24.69,11.57,22.22,40.99,0.81,21.13,0.0,37.07,0.0,Martha's Vineyard Airport,41.39310074,-70.61430359,67.0,US-MA,Martha's Vineyard,KMVY,33.79,2.54
MMH,156,156,7.97,8.9,16.67,18.59,45.88,16.6,10.67,0.0,26.85,10.26,Mammoth Yosemite Airport,37.62409973,-118.83799740000002,7135.0,US-CA,Mammoth Lakes,KMMH,35.260000000000005,2.22
ASE,3620,3621,14.33,16.03,18.67,18.59,37.48,8.27,21.37,0.38,32.5,3.95,Aspen-Pitkin Co/Sardy Field,39.22320175,-106.8690033,7820.0,US-CO,Aspen,KASE,37.260000000000005,1.9
GST,77,77,10.42,16.95,15.58,23.38,22.49,2.51,20.68,0.0,54.32,1.3,Gustavus Airport,58.42530060000001,-135.7070007,35.0,US-AK,Gustavus,PAGS,38.96,1.59
PBG,295,294,15.36,12.23,21.69,18.71,26.33,0.0,35.22,0.63,37.82,0.34,Plattsburgh International Airport,44.65090179,-73.4681015,234.0,US-NY,Plattsburgh,KPBG,40.400000000000006,1.27
OTH,311,311,17.09,18.12,21.86,20.26,34.38,0.46,11.99,0.0,53.17,2.25,Southwest Oregon Regional Airport,43.417099,-124.2460022,17.0,US-OR,North Bend,KOTH,42.120000000000005,0.95
STC,82,83,21.62,17.57,28.05,22.89,9.71,8.32,16.12,0.0,65.85,6.1,St Cloud Regional Airport,45.54660034,-94.05989838,1031.0,US-MN,St Cloud,KSTC,50.94,0.63
ILG,98,100,21.32,28.51,23.47,28.0,24.75,0.0,32.99,0.0,42.25,3.06,New Castle Airport,39.67869949,-75.60649872,80.0,US-DE,Wilmington,KILG,51.47,0.32
